LAT,LNG,HEADING,#MATCHES
51.4573495854,-2.60307647288,0,5
51.4573495854,-2.60307647288,20,5
51.4573495854,-2.60307647288,40,0
51.4573495854,-2.60307647288,60,0
51.4573495854,-2.60307647288,80,0
51.4573495854,-2.60307647288,100,6
51.4573495854,-2.60307647288,120,0
51.4573495854,-2.60307647288,140,1
51.4573495854,-2.60307647288,160,2
51.4573495854,-2.60307647288,180,3
51.4573495854,-2.60307647288,200,4
51.4573495854,-2.60307647288,220,0
51.4573495854,-2.60307647288,240,9
51.4573495854,-2.60307647288,260,0
51.4573495854,-2.60307647288,280,4
51.4573495854,-2.60307647288,300,4
51.4573495854,-2.60307647288,320,0
51.4573495854,-2.60307647288,340,0
51.4571998366,-2.60307647288,0,0
51.4571998366,-2.60307647288,20,0
51.4571998366,-2.60307647288,40,6
51.4571998366,-2.60307647288,60,6
51.4571998366,-2.60307647288,80,0
51.4571998366,-2.60307647288,100,5
51.4571998366,-2.60307647288,120,0
51.4571998366,-2.60307647288,140,0
51.4571998366,-2.60307647288,160,1
51.4571998366,-2.60307647288,180,0
51.4571998366,-2.60307647288,200,4
51.4571998366,-2.60307647288,220,4
51.4571998366,-2.60307647288,240,3
51.4571998366,-2.60307647288,260,1
51.4571998366,-2.60307647288,280,0
51.4571998366,-2.60307647288,300,2
51.4571998366,-2.60307647288,320,2
51.4571998366,-2.60307647288,340,4
51.4570500877,-2.60307647288,0,5
51.4570500877,-2.60307647288,20,0
51.4570500877,-2.60307647288,40,0
51.4570500877,-2.60307647288,60,6
51.4570500877,-2.60307647288,80,0
51.4570500877,-2.60307647288,100,0
51.4570500877,-2.60307647288,120,0
51.4570500877,-2.60307647288,140,0
51.4570500877,-2.60307647288,160,0
51.4570500877,-2.60307647288,180,4
51.4570500877,-2.60307647288,200,4
51.4570500877,-2.60307647288,220,0
51.4570500877,-2.60307647288,240,3
51.4570500877,-2.60307647288,260,3
51.4570500877,-2.60307647288,280,3
51.4570500877,-2.60307647288,300,2
51.4570500877,-2.60307647288,320,0
51.4570500877,-2.60307647288,340,0
51.4569003389,-2.60307647288,0,0
51.4569003389,-2.60307647288,20,6
51.4569003389,-2.60307647288,40,6
51.4569003389,-2.60307647288,60,0
51.4569003389,-2.60307647288,80,0
51.4569003389,-2.60307647288,100,0
51.4569003389,-2.60307647288,120,0
51.4569003389,-2.60307647288,140,0
51.4569003389,-2.60307647288,160,3
51.4569003389,-2.60307647288,180,5
51.4569003389,-2.60307647288,200,5
51.4569003389,-2.60307647288,220,6
51.4569003389,-2.60307647288,240,0
51.4569003389,-2.60307647288,260,4
51.4569003389,-2.60307647288,280,4
51.4569003389,-2.60307647288,300,4
51.4569003389,-2.60307647288,320,4
51.4569003389,-2.60307647288,340,3
51.4567505901,-2.60307647288,0,0
51.4567505901,-2.60307647288,20,0
51.4567505901,-2.60307647288,40,0
51.4567505901,-2.60307647288,60,6
51.4567505901,-2.60307647288,80,0
51.4567505901,-2.60307647288,100,0
51.4567505901,-2.60307647288,120,0
51.4567505901,-2.60307647288,140,5
51.4567505901,-2.60307647288,160,4
51.4567505901,-2.60307647288,180,0
51.4567505901,-2.60307647288,200,0
51.4567505901,-2.60307647288,220,7
51.4567505901,-2.60307647288,240,0
51.4567505901,-2.60307647288,260,0
51.4567505901,-2.60307647288,280,0
51.4567505901,-2.60307647288,300,4
51.4567505901,-2.60307647288,320,2
51.4567505901,-2.60307647288,340,2
51.4566008412,-2.60307647288,0,0
51.4566008412,-2.60307647288,20,0
51.4566008412,-2.60307647288,40,0
51.4566008412,-2.60307647288,60,0
51.4566008412,-2.60307647288,80,0
51.4566008412,-2.60307647288,100,5
51.4566008412,-2.60307647288,120,4
51.4566008412,-2.60307647288,140,3
51.4566008412,-2.60307647288,160,2
51.4566008412,-2.60307647288,180,0
51.4566008412,-2.60307647288,200,0
51.4566008412,-2.60307647288,220,0
51.4566008412,-2.60307647288,240,0
51.4566008412,-2.60307647288,260,0
51.4566008412,-2.60307647288,280,5
51.4566008412,-2.60307647288,300,3
51.4566008412,-2.60307647288,320,0
51.4566008412,-2.60307647288,340,0
51.4564510924,-2.60307647288,0,6
51.4564510924,-2.60307647288,20,6
51.4564510924,-2.60307647288,40,0
51.4564510924,-2.60307647288,60,0
51.4564510924,-2.60307647288,80,0
51.4564510924,-2.60307647288,100,0
51.4564510924,-2.60307647288,120,0
51.4564510924,-2.60307647288,140,2
51.4564510924,-2.60307647288,160,2
51.4564510924,-2.60307647288,180,1
51.4564510924,-2.60307647288,200,7
51.4564510924,-2.60307647288,220,3
51.4564510924,-2.60307647288,240,2
51.4564510924,-2.60307647288,260,6
51.4564510924,-2.60307647288,280,0
51.4564510924,-2.60307647288,300,0
51.4564510924,-2.60307647288,320,5
51.4564510924,-2.60307647288,340,4
51.4563013436,-2.60307647288,0,0
51.4563013436,-2.60307647288,20,0
51.4563013436,-2.60307647288,40,0
51.4563013436,-2.60307647288,60,6
51.4563013436,-2.60307647288,80,4
51.4563013436,-2.60307647288,100,4
51.4563013436,-2.60307647288,120,2
51.4563013436,-2.60307647288,140,2
51.4563013436,-2.60307647288,160,1
51.4563013436,-2.60307647288,180,0
51.4563013436,-2.60307647288,200,0
51.4563013436,-2.60307647288,220,4
51.4563013436,-2.60307647288,240,5
51.4563013436,-2.60307647288,260,5
51.4563013436,-2.60307647288,280,0
51.4563013436,-2.60307647288,300,0
51.4563013436,-2.60307647288,320,4
51.4563013436,-2.60307647288,340,3
51.4561515948,-2.60307647288,0,4
51.4561515948,-2.60307647288,20,5
51.4561515948,-2.60307647288,40,0
51.4561515948,-2.60307647288,60,5
51.4561515948,-2.60307647288,80,0
51.4561515948,-2.60307647288,100,2
51.4561515948,-2.60307647288,120,0
51.4561515948,-2.60307647288,140,1
51.4561515948,-2.60307647288,160,4
51.4561515948,-2.60307647288,180,4
51.4561515948,-2.60307647288,200,0
51.4561515948,-2.60307647288,220,4
51.4561515948,-2.60307647288,240,0
51.4561515948,-2.60307647288,260,1
51.4561515948,-2.60307647288,280,4
51.4561515948,-2.60307647288,300,5
51.4561515948,-2.60307647288,320,2
51.4561515948,-2.60307647288,340,0
51.4560018459,-2.60307647288,0,2
51.4560018459,-2.60307647288,20,0
51.4560018459,-2.60307647288,40,6
51.4560018459,-2.60307647288,60,0
51.4560018459,-2.60307647288,80,0
51.4560018459,-2.60307647288,100,0
51.4560018459,-2.60307647288,120,3
51.4560018459,-2.60307647288,140,4
51.4560018459,-2.60307647288,160,2
51.4560018459,-2.60307647288,180,5
51.4560018459,-2.60307647288,200,0
51.4560018459,-2.60307647288,220,0
51.4560018459,-2.60307647288,240,4
51.4560018459,-2.60307647288,260,4
51.4560018459,-2.60307647288,280,3
51.4560018459,-2.60307647288,300,2
51.4560018459,-2.60307647288,320,3
51.4560018459,-2.60307647288,340,0
51.4558520971,-2.60307647288,0,4
51.4558520971,-2.60307647288,20,0
51.4558520971,-2.60307647288,40,5
51.4558520971,-2.60307647288,60,0
51.4558520971,-2.60307647288,80,0
51.4558520971,-2.60307647288,100,2
51.4558520971,-2.60307647288,120,1
51.4558520971,-2.60307647288,140,0
51.4558520971,-2.60307647288,160,1
51.4558520971,-2.60307647288,180,4
51.4558520971,-2.60307647288,200,2
51.4558520971,-2.60307647288,220,2
51.4558520971,-2.60307647288,240,1
51.4558520971,-2.60307647288,260,3
51.4558520971,-2.60307647288,280,3
51.4558520971,-2.60307647288,300,4
51.4558520971,-2.60307647288,320,0
51.4558520971,-2.60307647288,340,15
51.4573495854,-2.60340048373,0,4
51.4573495854,-2.60340048373,20,0
51.4573495854,-2.60340048373,40,5
51.4573495854,-2.60340048373,60,0
51.4573495854,-2.60340048373,80,6
51.4573495854,-2.60340048373,100,0
51.4573495854,-2.60340048373,120,0
51.4573495854,-2.60340048373,140,0
51.4573495854,-2.60340048373,160,4
51.4573495854,-2.60340048373,180,4
51.4573495854,-2.60340048373,200,4
51.4573495854,-2.60340048373,220,4
51.4573495854,-2.60340048373,240,2
51.4573495854,-2.60340048373,260,6
51.4573495854,-2.60340048373,280,0
51.4573495854,-2.60340048373,300,3
51.4573495854,-2.60340048373,320,2
51.4573495854,-2.60340048373,340,0
51.4571998366,-2.60340048373,0,0
51.4571998366,-2.60340048373,20,5
51.4571998366,-2.60340048373,40,0
51.4571998366,-2.60340048373,60,0
51.4571998366,-2.60340048373,80,0
51.4571998366,-2.60340048373,100,0
51.4571998366,-2.60340048373,120,0
51.4571998366,-2.60340048373,140,5
51.4571998366,-2.60340048373,160,3
51.4571998366,-2.60340048373,180,4
51.4571998366,-2.60340048373,200,6
51.4571998366,-2.60340048373,220,0
51.4571998366,-2.60340048373,240,0
51.4571998366,-2.60340048373,260,4
51.4571998366,-2.60340048373,280,4
51.4571998366,-2.60340048373,300,6
51.4571998366,-2.60340048373,320,6
51.4571998366,-2.60340048373,340,3
51.4570500877,-2.60340048373,0,4
51.4570500877,-2.60340048373,20,0
51.4570500877,-2.60340048373,40,0
51.4570500877,-2.60340048373,60,0
51.4570500877,-2.60340048373,80,0
51.4570500877,-2.60340048373,100,6
51.4570500877,-2.60340048373,120,5
51.4570500877,-2.60340048373,140,0
51.4570500877,-2.60340048373,160,2
51.4570500877,-2.60340048373,180,3
51.4570500877,-2.60340048373,200,2
51.4570500877,-2.60340048373,220,0
51.4570500877,-2.60340048373,240,0
51.4570500877,-2.60340048373,260,0
51.4570500877,-2.60340048373,280,4
51.4570500877,-2.60340048373,300,4
51.4570500877,-2.60340048373,320,4
51.4570500877,-2.60340048373,340,2
51.4569003389,-2.60340048373,0,0
51.4569003389,-2.60340048373,20,0
51.4569003389,-2.60340048373,40,6
51.4569003389,-2.60340048373,60,0
51.4569003389,-2.60340048373,80,6
51.4569003389,-2.60340048373,100,0
51.4569003389,-2.60340048373,120,0
51.4569003389,-2.60340048373,140,0
51.4569003389,-2.60340048373,160,1
51.4569003389,-2.60340048373,180,4
51.4569003389,-2.60340048373,200,5
51.4569003389,-2.60340048373,220,2
51.4569003389,-2.60340048373,240,0
51.4569003389,-2.60340048373,260,4
51.4569003389,-2.60340048373,280,0
51.4569003389,-2.60340048373,300,5
51.4569003389,-2.60340048373,320,0
51.4569003389,-2.60340048373,340,0
51.4567505901,-2.60340048373,0,0
51.4567505901,-2.60340048373,20,0
51.4567505901,-2.60340048373,40,6
51.4567505901,-2.60340048373,60,0
51.4567505901,-2.60340048373,80,7
51.4567505901,-2.60340048373,100,6
51.4567505901,-2.60340048373,120,6
51.4567505901,-2.60340048373,140,0
51.4567505901,-2.60340048373,160,4
51.4567505901,-2.60340048373,180,0
51.4567505901,-2.60340048373,200,0
51.4567505901,-2.60340048373,220,0
51.4567505901,-2.60340048373,240,0
51.4567505901,-2.60340048373,260,0
51.4567505901,-2.60340048373,280,4
51.4567505901,-2.60340048373,300,4
51.4567505901,-2.60340048373,320,4
51.4567505901,-2.60340048373,340,3
51.4566008412,-2.60340048373,0,0
51.4566008412,-2.60340048373,20,0
51.4566008412,-2.60340048373,40,6
51.4566008412,-2.60340048373,60,0
51.4566008412,-2.60340048373,80,0
51.4566008412,-2.60340048373,100,6
51.4566008412,-2.60340048373,120,6
51.4566008412,-2.60340048373,140,5
51.4566008412,-2.60340048373,160,1
51.4566008412,-2.60340048373,180,0
51.4566008412,-2.60340048373,200,0
51.4566008412,-2.60340048373,220,0
51.4566008412,-2.60340048373,240,5
51.4566008412,-2.60340048373,260,1
51.4566008412,-2.60340048373,280,5
51.4566008412,-2.60340048373,300,5
51.4566008412,-2.60340048373,320,0
51.4566008412,-2.60340048373,340,0
51.4564510924,-2.60340048373,0,6
51.4564510924,-2.60340048373,20,0
51.4564510924,-2.60340048373,40,6
51.4564510924,-2.60340048373,60,6
51.4564510924,-2.60340048373,80,0
51.4564510924,-2.60340048373,100,0
51.4564510924,-2.60340048373,120,2
51.4564510924,-2.60340048373,140,2
51.4564510924,-2.60340048373,160,3
51.4564510924,-2.60340048373,180,4
51.4564510924,-2.60340048373,200,0
51.4564510924,-2.60340048373,220,0
51.4564510924,-2.60340048373,240,0
51.4564510924,-2.60340048373,260,0
51.4564510924,-2.60340048373,280,0
51.4564510924,-2.60340048373,300,4
51.4564510924,-2.60340048373,320,4
51.4564510924,-2.60340048373,340,6
51.4563013436,-2.60340048373,0,6
51.4563013436,-2.60340048373,20,6
51.4563013436,-2.60340048373,40,0
51.4563013436,-2.60340048373,60,0
51.4563013436,-2.60340048373,80,0
51.4563013436,-2.60340048373,100,0
51.4563013436,-2.60340048373,120,1
51.4563013436,-2.60340048373,140,3
51.4563013436,-2.60340048373,160,2
51.4563013436,-2.60340048373,180,1
51.4563013436,-2.60340048373,200,6
51.4563013436,-2.60340048373,220,3
51.4563013436,-2.60340048373,240,2
51.4563013436,-2.60340048373,260,0
51.4563013436,-2.60340048373,280,6
51.4563013436,-2.60340048373,300,0
51.4563013436,-2.60340048373,320,5
51.4563013436,-2.60340048373,340,0
51.4561515948,-2.60340048373,0,0
51.4561515948,-2.60340048373,20,0
51.4561515948,-2.60340048373,40,0
51.4561515948,-2.60340048373,60,0
51.4561515948,-2.60340048373,80,0
51.4561515948,-2.60340048373,100,4
51.4561515948,-2.60340048373,120,2
51.4561515948,-2.60340048373,140,2
51.4561515948,-2.60340048373,160,1
51.4561515948,-2.60340048373,180,0
51.4561515948,-2.60340048373,200,4
51.4561515948,-2.60340048373,220,0
51.4561515948,-2.60340048373,240,0
51.4561515948,-2.60340048373,260,4
51.4561515948,-2.60340048373,280,4
51.4561515948,-2.60340048373,300,5
51.4561515948,-2.60340048373,320,0
51.4561515948,-2.60340048373,340,3
51.4560018459,-2.60340048373,0,4
51.4560018459,-2.60340048373,20,4
51.4560018459,-2.60340048373,40,7
51.4560018459,-2.60340048373,60,5
51.4560018459,-2.60340048373,80,0
51.4560018459,-2.60340048373,100,0
51.4560018459,-2.60340048373,120,2
51.4560018459,-2.60340048373,140,2
51.4560018459,-2.60340048373,160,0
51.4560018459,-2.60340048373,180,5
51.4560018459,-2.60340048373,200,5
51.4560018459,-2.60340048373,220,2
51.4560018459,-2.60340048373,240,4
51.4560018459,-2.60340048373,260,2
51.4560018459,-2.60340048373,280,2
51.4560018459,-2.60340048373,300,7
51.4560018459,-2.60340048373,320,5
51.4560018459,-2.60340048373,340,0
51.4558520971,-2.60340048373,0,0
51.4558520971,-2.60340048373,20,4
51.4558520971,-2.60340048373,40,0
51.4558520971,-2.60340048373,60,6
51.4558520971,-2.60340048373,80,10
51.4558520971,-2.60340048373,100,0
51.4558520971,-2.60340048373,120,1
51.4558520971,-2.60340048373,140,1
51.4558520971,-2.60340048373,160,0
51.4558520971,-2.60340048373,180,0
51.4558520971,-2.60340048373,200,5
51.4558520971,-2.60340048373,220,2
51.4558520971,-2.60340048373,240,4
51.4558520971,-2.60340048373,260,2
51.4558520971,-2.60340048373,280,1
51.4558520971,-2.60340048373,300,0
51.4558520971,-2.60340048373,320,0
51.4558520971,-2.60340048373,340,6
51.4573495854,-2.60372449458,0,5
51.4573495854,-2.60372449458,20,0
51.4573495854,-2.60372449458,40,0
51.4573495854,-2.60372449458,60,0
51.4573495854,-2.60372449458,80,6
51.4573495854,-2.60372449458,100,5
51.4573495854,-2.60372449458,120,5
51.4573495854,-2.60372449458,140,5
51.4573495854,-2.60372449458,160,4
51.4573495854,-2.60372449458,180,4
51.4573495854,-2.60372449458,200,0
51.4573495854,-2.60372449458,220,0
51.4573495854,-2.60372449458,240,0
51.4573495854,-2.60372449458,260,0
51.4573495854,-2.60372449458,280,0
51.4573495854,-2.60372449458,300,5
51.4573495854,-2.60372449458,320,1
51.4573495854,-2.60372449458,340,4
51.4571998366,-2.60372449458,0,0
51.4571998366,-2.60372449458,20,5
51.4571998366,-2.60372449458,40,5
51.4571998366,-2.60372449458,60,0
51.4571998366,-2.60372449458,80,0
51.4571998366,-2.60372449458,100,0
51.4571998366,-2.60372449458,120,0
51.4571998366,-2.60372449458,140,5
51.4571998366,-2.60372449458,160,2
51.4571998366,-2.60372449458,180,4
51.4571998366,-2.60372449458,200,0
51.4571998366,-2.60372449458,220,0
51.4571998366,-2.60372449458,240,0
51.4571998366,-2.60372449458,260,1
51.4571998366,-2.60372449458,280,0
51.4571998366,-2.60372449458,300,0
51.4571998366,-2.60372449458,320,0
51.4571998366,-2.60372449458,340,4
51.4570500877,-2.60372449458,0,3
51.4570500877,-2.60372449458,20,5
51.4570500877,-2.60372449458,40,0
51.4570500877,-2.60372449458,60,0
51.4570500877,-2.60372449458,80,0
51.4570500877,-2.60372449458,100,0
51.4570500877,-2.60372449458,120,0
51.4570500877,-2.60372449458,140,4
51.4570500877,-2.60372449458,160,1
51.4570500877,-2.60372449458,180,3
51.4570500877,-2.60372449458,200,6
51.4570500877,-2.60372449458,220,0
51.4570500877,-2.60372449458,240,0
51.4570500877,-2.60372449458,260,4
51.4570500877,-2.60372449458,280,0
51.4570500877,-2.60372449458,300,4
51.4570500877,-2.60372449458,320,0
51.4570500877,-2.60372449458,340,1
51.4569003389,-2.60372449458,0,0
51.4569003389,-2.60372449458,20,7
51.4569003389,-2.60372449458,40,0
51.4569003389,-2.60372449458,60,0
51.4569003389,-2.60372449458,80,0
51.4569003389,-2.60372449458,100,6
51.4569003389,-2.60372449458,120,5
51.4569003389,-2.60372449458,140,5
51.4569003389,-2.60372449458,160,1
51.4569003389,-2.60372449458,180,1
51.4569003389,-2.60372449458,200,2
51.4569003389,-2.60372449458,220,4
51.4569003389,-2.60372449458,240,0
51.4569003389,-2.60372449458,260,0
51.4569003389,-2.60372449458,280,4
51.4569003389,-2.60372449458,300,5
51.4569003389,-2.60372449458,320,0
51.4569003389,-2.60372449458,340,2
51.4567505901,-2.60372449458,0,6
51.4567505901,-2.60372449458,20,6
51.4567505901,-2.60372449458,40,6
51.4567505901,-2.60372449458,60,0
51.4567505901,-2.60372449458,80,0
51.4567505901,-2.60372449458,100,0
51.4567505901,-2.60372449458,120,6
51.4567505901,-2.60372449458,140,5
51.4567505901,-2.60372449458,160,3
51.4567505901,-2.60372449458,180,6
51.4567505901,-2.60372449458,200,6
51.4567505901,-2.60372449458,220,0
51.4567505901,-2.60372449458,240,6
51.4567505901,-2.60372449458,260,4
51.4567505901,-2.60372449458,280,4
51.4567505901,-2.60372449458,300,4
51.4567505901,-2.60372449458,320,0
51.4567505901,-2.60372449458,340,3
51.4566008412,-2.60372449458,0,0
51.4566008412,-2.60372449458,20,6
51.4566008412,-2.60372449458,40,6
51.4566008412,-2.60372449458,60,0
51.4566008412,-2.60372449458,80,0
51.4566008412,-2.60372449458,100,6
51.4566008412,-2.60372449458,120,0
51.4566008412,-2.60372449458,140,5
51.4566008412,-2.60372449458,160,4
51.4566008412,-2.60372449458,180,0
51.4566008412,-2.60372449458,200,0
51.4566008412,-2.60372449458,220,0
51.4566008412,-2.60372449458,240,0
51.4566008412,-2.60372449458,260,0
51.4566008412,-2.60372449458,280,0
51.4566008412,-2.60372449458,300,0
51.4566008412,-2.60372449458,320,2
51.4566008412,-2.60372449458,340,2
51.4564510924,-2.60372449458,0,5
51.4564510924,-2.60372449458,20,0
51.4564510924,-2.60372449458,40,6
51.4564510924,-2.60372449458,60,6
51.4564510924,-2.60372449458,80,6
51.4564510924,-2.60372449458,100,0
51.4564510924,-2.60372449458,120,6
51.4564510924,-2.60372449458,140,5
51.4564510924,-2.60372449458,160,3
51.4564510924,-2.60372449458,180,0
51.4564510924,-2.60372449458,200,0
51.4564510924,-2.60372449458,220,0
51.4564510924,-2.60372449458,240,0
51.4564510924,-2.60372449458,260,4
51.4564510924,-2.60372449458,280,6
51.4564510924,-2.60372449458,300,5
51.4564510924,-2.60372449458,320,5
51.4564510924,-2.60372449458,340,4
51.4563013436,-2.60372449458,0,7
51.4563013436,-2.60372449458,20,7
51.4563013436,-2.60372449458,40,9
51.4563013436,-2.60372449458,60,0
51.4563013436,-2.60372449458,80,6
51.4563013436,-2.60372449458,100,0
51.4563013436,-2.60372449458,120,0
51.4563013436,-2.60372449458,140,2
51.4563013436,-2.60372449458,160,4
51.4563013436,-2.60372449458,180,6
51.4563013436,-2.60372449458,200,0
51.4563013436,-2.60372449458,220,0
51.4563013436,-2.60372449458,240,0
51.4563013436,-2.60372449458,260,0
51.4563013436,-2.60372449458,280,17
51.4563013436,-2.60372449458,300,0
51.4563013436,-2.60372449458,320,4
51.4563013436,-2.60372449458,340,2
51.4561515948,-2.60372449458,0,0
51.4561515948,-2.60372449458,20,0
51.4561515948,-2.60372449458,40,0
51.4561515948,-2.60372449458,60,0
51.4561515948,-2.60372449458,80,0
51.4561515948,-2.60372449458,100,5
51.4561515948,-2.60372449458,120,2
51.4561515948,-2.60372449458,140,1
51.4561515948,-2.60372449458,160,4
51.4561515948,-2.60372449458,180,5
51.4561515948,-2.60372449458,200,4
51.4561515948,-2.60372449458,220,5
51.4561515948,-2.60372449458,240,6
51.4561515948,-2.60372449458,260,1
51.4561515948,-2.60372449458,280,3
51.4561515948,-2.60372449458,300,8
51.4561515948,-2.60372449458,320,6
51.4561515948,-2.60372449458,340,5
51.4560018459,-2.60372449458,0,0
51.4560018459,-2.60372449458,20,0
51.4560018459,-2.60372449458,40,0
51.4560018459,-2.60372449458,60,0
51.4560018459,-2.60372449458,80,0
51.4560018459,-2.60372449458,100,5
51.4560018459,-2.60372449458,120,3
51.4560018459,-2.60372449458,140,2
51.4560018459,-2.60372449458,160,4
51.4560018459,-2.60372449458,180,0
51.4560018459,-2.60372449458,200,4
51.4560018459,-2.60372449458,220,0
51.4560018459,-2.60372449458,240,6
51.4560018459,-2.60372449458,260,3
51.4560018459,-2.60372449458,280,1
51.4560018459,-2.60372449458,300,9
51.4560018459,-2.60372449458,320,7
51.4560018459,-2.60372449458,340,0
51.4558520971,-2.60372449458,0,0
51.4558520971,-2.60372449458,20,0
51.4558520971,-2.60372449458,40,5
51.4558520971,-2.60372449458,60,12
51.4558520971,-2.60372449458,80,0
51.4558520971,-2.60372449458,100,4
51.4558520971,-2.60372449458,120,0
51.4558520971,-2.60372449458,140,2
51.4558520971,-2.60372449458,160,3
51.4558520971,-2.60372449458,180,4
51.4558520971,-2.60372449458,200,0
51.4558520971,-2.60372449458,220,4
51.4558520971,-2.60372449458,240,0
51.4558520971,-2.60372449458,260,0
51.4558520971,-2.60372449458,280,1
51.4558520971,-2.60372449458,300,0
51.4558520971,-2.60372449458,320,0
51.4558520971,-2.60372449458,340,0
51.4573495854,-2.60404850543,0,0
51.4573495854,-2.60404850543,20,0
51.4573495854,-2.60404850543,40,6
51.4573495854,-2.60404850543,60,6
51.4573495854,-2.60404850543,80,0
51.4573495854,-2.60404850543,100,5
51.4573495854,-2.60404850543,120,5
51.4573495854,-2.60404850543,140,5
51.4573495854,-2.60404850543,160,4
51.4573495854,-2.60404850543,180,0
51.4573495854,-2.60404850543,200,6
51.4573495854,-2.60404850543,220,0
51.4573495854,-2.60404850543,240,0
51.4573495854,-2.60404850543,260,5
51.4573495854,-2.60404850543,280,5
51.4573495854,-2.60404850543,300,0
51.4573495854,-2.60404850543,320,2
51.4573495854,-2.60404850543,340,3
51.4571998366,-2.60404850543,0,4
51.4571998366,-2.60404850543,20,0
51.4571998366,-2.60404850543,40,0
51.4571998366,-2.60404850543,60,5
51.4571998366,-2.60404850543,80,0
51.4571998366,-2.60404850543,100,0
51.4571998366,-2.60404850543,120,0
51.4571998366,-2.60404850543,140,0
51.4571998366,-2.60404850543,160,3
51.4571998366,-2.60404850543,180,3
51.4571998366,-2.60404850543,200,4
51.4571998366,-2.60404850543,220,6
51.4571998366,-2.60404850543,240,0
51.4571998366,-2.60404850543,260,0
51.4571998366,-2.60404850543,280,0
51.4571998366,-2.60404850543,300,2
51.4571998366,-2.60404850543,320,1
51.4571998366,-2.60404850543,340,0
51.4570500877,-2.60404850543,0,3
51.4570500877,-2.60404850543,20,0
51.4570500877,-2.60404850543,40,8
51.4570500877,-2.60404850543,60,6
51.4570500877,-2.60404850543,80,0
51.4570500877,-2.60404850543,100,0
51.4570500877,-2.60404850543,120,0
51.4570500877,-2.60404850543,140,4
51.4570500877,-2.60404850543,160,1
51.4570500877,-2.60404850543,180,3
51.4570500877,-2.60404850543,200,5
51.4570500877,-2.60404850543,220,0
51.4570500877,-2.60404850543,240,0
51.4570500877,-2.60404850543,260,3
51.4570500877,-2.60404850543,280,7
51.4570500877,-2.60404850543,300,5
51.4570500877,-2.60404850543,320,4
51.4570500877,-2.60404850543,340,3
51.4569003389,-2.60404850543,0,4
51.4569003389,-2.60404850543,20,0
51.4569003389,-2.60404850543,40,6
51.4569003389,-2.60404850543,60,0
51.4569003389,-2.60404850543,80,7
51.4569003389,-2.60404850543,100,6
51.4569003389,-2.60404850543,120,0
51.4569003389,-2.60404850543,140,4
51.4569003389,-2.60404850543,160,1
51.4569003389,-2.60404850543,180,3
51.4569003389,-2.60404850543,200,3
51.4569003389,-2.60404850543,220,5
51.4569003389,-2.60404850543,240,0
51.4569003389,-2.60404850543,260,0
51.4569003389,-2.60404850543,280,0
51.4569003389,-2.60404850543,300,0
51.4569003389,-2.60404850543,320,4
51.4569003389,-2.60404850543,340,1
51.4567505901,-2.60404850543,0,0
51.4567505901,-2.60404850543,20,7
51.4567505901,-2.60404850543,40,5
51.4567505901,-2.60404850543,60,5
51.4567505901,-2.60404850543,80,0
51.4567505901,-2.60404850543,100,6
51.4567505901,-2.60404850543,120,0
51.4567505901,-2.60404850543,140,5
51.4567505901,-2.60404850543,160,1
51.4567505901,-2.60404850543,180,4
51.4567505901,-2.60404850543,200,5
51.4567505901,-2.60404850543,220,1
51.4567505901,-2.60404850543,240,4
51.4567505901,-2.60404850543,260,4
51.4567505901,-2.60404850543,280,0
51.4567505901,-2.60404850543,300,5
51.4567505901,-2.60404850543,320,5
51.4567505901,-2.60404850543,340,0
51.4566008412,-2.60404850543,0,6
51.4566008412,-2.60404850543,20,7
51.4566008412,-2.60404850543,40,0
51.4566008412,-2.60404850543,60,0
51.4566008412,-2.60404850543,80,6
51.4566008412,-2.60404850543,100,6
51.4566008412,-2.60404850543,120,0
51.4566008412,-2.60404850543,140,5
51.4566008412,-2.60404850543,160,1
51.4566008412,-2.60404850543,180,0
51.4566008412,-2.60404850543,200,0
51.4566008412,-2.60404850543,220,6
51.4566008412,-2.60404850543,240,5
51.4566008412,-2.60404850543,260,4
51.4566008412,-2.60404850543,280,4
51.4566008412,-2.60404850543,300,4
51.4566008412,-2.60404850543,320,5
51.4566008412,-2.60404850543,340,4
51.4561515948,-2.60404850543,0,5
51.4561515948,-2.60404850543,20,0
51.4561515948,-2.60404850543,40,4
51.4561515948,-2.60404850543,60,0
51.4561515948,-2.60404850543,80,4
51.4561515948,-2.60404850543,100,2
51.4561515948,-2.60404850543,120,1
51.4561515948,-2.60404850543,140,5
51.4561515948,-2.60404850543,160,0
51.4561515948,-2.60404850543,180,1
51.4561515948,-2.60404850543,200,1
51.4561515948,-2.60404850543,220,2
51.4561515948,-2.60404850543,240,1
51.4561515948,-2.60404850543,260,1
51.4561515948,-2.60404850543,280,1
51.4561515948,-2.60404850543,300,13
51.4561515948,-2.60404850543,320,16
51.4561515948,-2.60404850543,340,0
51.4560018459,-2.60404850543,0,4
51.4560018459,-2.60404850543,20,6
51.4560018459,-2.60404850543,40,4
51.4560018459,-2.60404850543,60,0
51.4560018459,-2.60404850543,80,5
51.4560018459,-2.60404850543,100,2
51.4560018459,-2.60404850543,120,2
51.4560018459,-2.60404850543,140,3
51.4560018459,-2.60404850543,160,4
51.4560018459,-2.60404850543,180,1
51.4560018459,-2.60404850543,200,0
51.4560018459,-2.60404850543,220,2
51.4560018459,-2.60404850543,240,2
51.4560018459,-2.60404850543,260,2
51.4560018459,-2.60404850543,280,1
51.4560018459,-2.60404850543,300,11
51.4560018459,-2.60404850543,320,6
51.4560018459,-2.60404850543,340,5
51.4558520971,-2.60404850543,0,4
51.4558520971,-2.60404850543,20,5
51.4558520971,-2.60404850543,40,4
51.4558520971,-2.60404850543,60,0
51.4558520971,-2.60404850543,80,6
51.4558520971,-2.60404850543,100,1
51.4558520971,-2.60404850543,120,2
51.4558520971,-2.60404850543,140,2
51.4558520971,-2.60404850543,160,4
51.4558520971,-2.60404850543,180,3
51.4558520971,-2.60404850543,200,6
51.4558520971,-2.60404850543,220,1
51.4558520971,-2.60404850543,240,2
51.4558520971,-2.60404850543,260,4
51.4558520971,-2.60404850543,280,0
51.4558520971,-2.60404850543,300,13
51.4558520971,-2.60404850543,320,6
51.4558520971,-2.60404850543,340,4
51.4573495854,-2.60437251627,0,0
51.4573495854,-2.60437251627,20,0
51.4573495854,-2.60437251627,40,0
51.4573495854,-2.60437251627,60,3
51.4573495854,-2.60437251627,80,6
51.4573495854,-2.60437251627,100,6
51.4573495854,-2.60437251627,120,0
51.4573495854,-2.60437251627,140,6
51.4573495854,-2.60437251627,160,0
51.4573495854,-2.60437251627,180,5
51.4573495854,-2.60437251627,200,0
51.4573495854,-2.60437251627,220,0
51.4573495854,-2.60437251627,240,0
51.4573495854,-2.60437251627,260,0
51.4573495854,-2.60437251627,280,0
51.4573495854,-2.60437251627,300,0
51.4573495854,-2.60437251627,320,4
51.4573495854,-2.60437251627,340,4
51.4571998366,-2.60437251627,0,0
51.4571998366,-2.60437251627,20,0
51.4571998366,-2.60437251627,40,4
51.4571998366,-2.60437251627,60,4
51.4571998366,-2.60437251627,80,5
51.4571998366,-2.60437251627,100,0
51.4571998366,-2.60437251627,120,6
51.4571998366,-2.60437251627,140,5
51.4571998366,-2.60437251627,160,6
51.4571998366,-2.60437251627,180,4
51.4571998366,-2.60437251627,200,4
51.4571998366,-2.60437251627,220,6
51.4571998366,-2.60437251627,240,0
51.4571998366,-2.60437251627,260,0
51.4571998366,-2.60437251627,280,6
51.4571998366,-2.60437251627,300,0
51.4571998366,-2.60437251627,320,5
51.4571998366,-2.60437251627,340,1
51.4563013436,-2.60437251627,0,4
51.4563013436,-2.60437251627,20,0
51.4563013436,-2.60437251627,40,5
51.4563013436,-2.60437251627,60,6
51.4563013436,-2.60437251627,80,0
51.4563013436,-2.60437251627,100,1
51.4563013436,-2.60437251627,120,3
51.4563013436,-2.60437251627,140,2
51.4563013436,-2.60437251627,160,3
51.4563013436,-2.60437251627,180,1
51.4563013436,-2.60437251627,200,1
51.4563013436,-2.60437251627,220,3
51.4563013436,-2.60437251627,240,2
51.4563013436,-2.60437251627,260,1
51.4563013436,-2.60437251627,280,1
51.4563013436,-2.60437251627,300,1
51.4563013436,-2.60437251627,320,1
51.4563013436,-2.60437251627,340,0
51.4561515948,-2.60437251627,0,4
51.4561515948,-2.60437251627,20,0
51.4561515948,-2.60437251627,40,0
51.4561515948,-2.60437251627,60,0
51.4561515948,-2.60437251627,80,0
51.4561515948,-2.60437251627,100,0
51.4561515948,-2.60437251627,120,2
51.4561515948,-2.60437251627,140,2
51.4561515948,-2.60437251627,160,2
51.4561515948,-2.60437251627,180,1
51.4561515948,-2.60437251627,200,1
51.4561515948,-2.60437251627,220,2
51.4561515948,-2.60437251627,240,1
51.4561515948,-2.60437251627,260,2
51.4561515948,-2.60437251627,280,2
51.4561515948,-2.60437251627,300,1
51.4561515948,-2.60437251627,320,4
51.4561515948,-2.60437251627,340,1
51.4560018459,-2.60437251627,0,4
51.4560018459,-2.60437251627,20,6
51.4560018459,-2.60437251627,40,0
51.4560018459,-2.60437251627,60,0
51.4560018459,-2.60437251627,80,5
51.4560018459,-2.60437251627,100,4
51.4560018459,-2.60437251627,120,2
51.4560018459,-2.60437251627,140,2
51.4560018459,-2.60437251627,160,3
51.4560018459,-2.60437251627,180,2
51.4560018459,-2.60437251627,200,2
51.4560018459,-2.60437251627,220,2
51.4560018459,-2.60437251627,240,1
51.4560018459,-2.60437251627,260,1
51.4560018459,-2.60437251627,280,1
51.4560018459,-2.60437251627,300,2
51.4560018459,-2.60437251627,320,0
51.4560018459,-2.60437251627,340,2
51.4558520971,-2.60437251627,0,0
51.4558520971,-2.60437251627,20,0
51.4558520971,-2.60437251627,40,5
51.4558520971,-2.60437251627,60,0
51.4558520971,-2.60437251627,80,6
51.4558520971,-2.60437251627,100,4
51.4558520971,-2.60437251627,120,3
51.4558520971,-2.60437251627,140,1
51.4558520971,-2.60437251627,160,2
51.4558520971,-2.60437251627,180,1
51.4558520971,-2.60437251627,200,2
51.4558520971,-2.60437251627,220,3
51.4558520971,-2.60437251627,240,2
51.4558520971,-2.60437251627,260,1
51.4558520971,-2.60437251627,280,0
51.4558520971,-2.60437251627,300,0
51.4558520971,-2.60437251627,320,0
51.4558520971,-2.60437251627,340,6
51.4573495854,-2.60469652712,0,4
51.4573495854,-2.60469652712,20,0
51.4573495854,-2.60469652712,40,0
51.4573495854,-2.60469652712,60,5
51.4573495854,-2.60469652712,80,5
51.4573495854,-2.60469652712,100,0
51.4573495854,-2.60469652712,120,0
51.4573495854,-2.60469652712,140,5
51.4573495854,-2.60469652712,160,5
51.4573495854,-2.60469652712,180,0
51.4573495854,-2.60469652712,200,4
51.4573495854,-2.60469652712,220,0
51.4573495854,-2.60469652712,240,5
51.4573495854,-2.60469652712,260,0
51.4573495854,-2.60469652712,280,0
51.4573495854,-2.60469652712,300,6
51.4573495854,-2.60469652712,320,0
51.4573495854,-2.60469652712,340,3
51.4571998366,-2.60469652712,0,2
51.4571998366,-2.60469652712,20,1
51.4571998366,-2.60469652712,40,2
51.4571998366,-2.60469652712,60,5
51.4571998366,-2.60469652712,80,4
51.4571998366,-2.60469652712,100,4
51.4571998366,-2.60469652712,120,2
51.4571998366,-2.60469652712,140,3
51.4571998366,-2.60469652712,160,4
51.4571998366,-2.60469652712,180,0
51.4571998366,-2.60469652712,200,0
51.4571998366,-2.60469652712,220,0
51.4571998366,-2.60469652712,240,0
51.4571998366,-2.60469652712,260,0
51.4571998366,-2.60469652712,280,6
51.4571998366,-2.60469652712,300,0
51.4571998366,-2.60469652712,320,0
51.4571998366,-2.60469652712,340,5
51.4570500877,-2.60469652712,0,0
51.4570500877,-2.60469652712,20,0
51.4570500877,-2.60469652712,40,0
51.4570500877,-2.60469652712,60,0
51.4570500877,-2.60469652712,80,4
51.4570500877,-2.60469652712,100,0
51.4570500877,-2.60469652712,120,4
51.4570500877,-2.60469652712,140,8
51.4570500877,-2.60469652712,160,0
51.4570500877,-2.60469652712,180,0
51.4570500877,-2.60469652712,200,0
51.4570500877,-2.60469652712,220,5
51.4570500877,-2.60469652712,240,0
51.4570500877,-2.60469652712,260,0
51.4570500877,-2.60469652712,280,0
51.4570500877,-2.60469652712,300,5
51.4570500877,-2.60469652712,320,0
51.4570500877,-2.60469652712,340,0
51.4569003389,-2.60469652712,0,0
51.4569003389,-2.60469652712,20,7
51.4569003389,-2.60469652712,40,0
51.4569003389,-2.60469652712,60,0
51.4569003389,-2.60469652712,80,6
51.4569003389,-2.60469652712,100,0
51.4569003389,-2.60469652712,120,4
51.4569003389,-2.60469652712,140,4
51.4569003389,-2.60469652712,160,0
51.4569003389,-2.60469652712,180,0
51.4569003389,-2.60469652712,200,5
51.4569003389,-2.60469652712,220,0
51.4569003389,-2.60469652712,240,0
51.4569003389,-2.60469652712,260,0
51.4569003389,-2.60469652712,280,5
51.4569003389,-2.60469652712,300,0
51.4569003389,-2.60469652712,320,0
51.4569003389,-2.60469652712,340,0
51.4563013436,-2.60469652712,0,5
51.4563013436,-2.60469652712,20,5
51.4563013436,-2.60469652712,40,4
51.4563013436,-2.60469652712,60,4
51.4563013436,-2.60469652712,80,4
51.4563013436,-2.60469652712,100,1
51.4563013436,-2.60469652712,120,2
51.4563013436,-2.60469652712,140,1
51.4563013436,-2.60469652712,160,1
51.4563013436,-2.60469652712,180,2
51.4563013436,-2.60469652712,200,1
51.4563013436,-2.60469652712,220,5
51.4563013436,-2.60469652712,240,1
51.4563013436,-2.60469652712,260,1
51.4563013436,-2.60469652712,280,2
51.4563013436,-2.60469652712,300,5
51.4563013436,-2.60469652712,320,4
51.4563013436,-2.60469652712,340,0
51.4561515948,-2.60469652712,0,5
51.4561515948,-2.60469652712,20,5
51.4561515948,-2.60469652712,40,4
51.4561515948,-2.60469652712,60,0
51.4561515948,-2.60469652712,80,0
51.4561515948,-2.60469652712,100,1
51.4561515948,-2.60469652712,120,1
51.4561515948,-2.60469652712,140,1
51.4561515948,-2.60469652712,160,1
51.4561515948,-2.60469652712,180,3
51.4561515948,-2.60469652712,200,2
51.4561515948,-2.60469652712,220,4
51.4561515948,-2.60469652712,240,2
51.4561515948,-2.60469652712,260,0
51.4561515948,-2.60469652712,280,1
51.4561515948,-2.60469652712,300,5
51.4561515948,-2.60469652712,320,10
51.4561515948,-2.60469652712,340,0
51.4560018459,-2.60469652712,0,8
51.4560018459,-2.60469652712,20,26
51.4560018459,-2.60469652712,40,0
51.4560018459,-2.60469652712,60,3
51.4560018459,-2.60469652712,80,4
51.4560018459,-2.60469652712,100,1
51.4560018459,-2.60469652712,120,1
51.4560018459,-2.60469652712,140,2
51.4560018459,-2.60469652712,160,2
51.4560018459,-2.60469652712,180,1
51.4560018459,-2.60469652712,200,0
51.4560018459,-2.60469652712,220,2
51.4560018459,-2.60469652712,240,1
51.4560018459,-2.60469652712,260,2
51.4560018459,-2.60469652712,280,0
51.4560018459,-2.60469652712,300,4
51.4560018459,-2.60469652712,320,4
51.4560018459,-2.60469652712,340,4
51.4558520971,-2.60469652712,0,10
51.4558520971,-2.60469652712,20,18
51.4558520971,-2.60469652712,40,5
51.4558520971,-2.60469652712,60,4
51.4558520971,-2.60469652712,80,4
51.4558520971,-2.60469652712,100,0
51.4558520971,-2.60469652712,120,1
51.4558520971,-2.60469652712,140,0
51.4558520971,-2.60469652712,160,0
51.4558520971,-2.60469652712,180,1
51.4558520971,-2.60469652712,200,4
51.4558520971,-2.60469652712,220,2
51.4558520971,-2.60469652712,240,0
51.4558520971,-2.60469652712,260,2
51.4558520971,-2.60469652712,280,1
51.4558520971,-2.60469652712,300,4
51.4558520971,-2.60469652712,320,3
51.4558520971,-2.60469652712,340,4
51.4573495854,-2.60502053797,0,2
51.4573495854,-2.60502053797,20,1
51.4573495854,-2.60502053797,40,4
51.4573495854,-2.60502053797,60,5
51.4573495854,-2.60502053797,80,4
51.4573495854,-2.60502053797,100,4
51.4573495854,-2.60502053797,120,2
51.4573495854,-2.60502053797,140,1
51.4573495854,-2.60502053797,160,4
51.4573495854,-2.60502053797,180,8
51.4573495854,-2.60502053797,200,0
51.4573495854,-2.60502053797,220,6
51.4573495854,-2.60502053797,240,5
51.4573495854,-2.60502053797,260,0
51.4573495854,-2.60502053797,280,0
51.4573495854,-2.60502053797,300,6
51.4573495854,-2.60502053797,320,5
51.4573495854,-2.60502053797,340,5
51.4571998366,-2.60502053797,0,0
51.4571998366,-2.60502053797,20,2
51.4571998366,-2.60502053797,40,1
51.4571998366,-2.60502053797,60,0
51.4571998366,-2.60502053797,80,0
51.4571998366,-2.60502053797,100,2
51.4571998366,-2.60502053797,120,1
51.4571998366,-2.60502053797,140,5
51.4571998366,-2.60502053797,160,6
51.4571998366,-2.60502053797,180,4
51.4571998366,-2.60502053797,200,1
51.4571998366,-2.60502053797,220,5
51.4571998366,-2.60502053797,240,0
51.4571998366,-2.60502053797,260,0
51.4571998366,-2.60502053797,280,4
51.4571998366,-2.60502053797,300,0
51.4571998366,-2.60502053797,320,0
51.4571998366,-2.60502053797,340,0
51.4570500877,-2.60502053797,0,0
51.4570500877,-2.60502053797,20,6
51.4570500877,-2.60502053797,40,0
51.4570500877,-2.60502053797,60,0
51.4570500877,-2.60502053797,80,6
51.4570500877,-2.60502053797,100,4
51.4570500877,-2.60502053797,120,4
51.4570500877,-2.60502053797,140,4
51.4570500877,-2.60502053797,160,7
51.4570500877,-2.60502053797,180,0
51.4570500877,-2.60502053797,200,0
51.4570500877,-2.60502053797,220,0
51.4570500877,-2.60502053797,240,6
51.4570500877,-2.60502053797,260,4
51.4570500877,-2.60502053797,280,5
51.4570500877,-2.60502053797,300,0
51.4570500877,-2.60502053797,320,0
51.4570500877,-2.60502053797,340,0
51.4569003389,-2.60502053797,0,5
51.4569003389,-2.60502053797,20,6
51.4569003389,-2.60502053797,40,4
51.4569003389,-2.60502053797,60,6
51.4569003389,-2.60502053797,80,4
51.4569003389,-2.60502053797,100,0
51.4569003389,-2.60502053797,120,4
51.4569003389,-2.60502053797,140,5
51.4569003389,-2.60502053797,160,0
51.4569003389,-2.60502053797,180,5
51.4569003389,-2.60502053797,200,3
51.4569003389,-2.60502053797,220,3
51.4569003389,-2.60502053797,240,0
51.4569003389,-2.60502053797,260,0
51.4569003389,-2.60502053797,280,0
51.4569003389,-2.60502053797,300,0
51.4569003389,-2.60502053797,320,6
51.4569003389,-2.60502053797,340,0
51.4567505901,-2.60502053797,0,5
51.4567505901,-2.60502053797,20,0
51.4567505901,-2.60502053797,40,0
51.4567505901,-2.60502053797,60,4
51.4567505901,-2.60502053797,80,0
51.4567505901,-2.60502053797,100,4
51.4567505901,-2.60502053797,120,5
51.4567505901,-2.60502053797,140,6
51.4567505901,-2.60502053797,160,6
51.4567505901,-2.60502053797,180,4
51.4567505901,-2.60502053797,200,4
51.4567505901,-2.60502053797,220,2
51.4567505901,-2.60502053797,240,2
51.4567505901,-2.60502053797,260,6
51.4567505901,-2.60502053797,280,0
51.4567505901,-2.60502053797,300,0
51.4567505901,-2.60502053797,320,0
51.4567505901,-2.60502053797,340,0
51.4566008412,-2.60502053797,0,7
51.4566008412,-2.60502053797,20,6
51.4566008412,-2.60502053797,40,5
51.4566008412,-2.60502053797,60,7
51.4566008412,-2.60502053797,80,5
51.4566008412,-2.60502053797,100,4
51.4566008412,-2.60502053797,120,2
51.4566008412,-2.60502053797,140,4
51.4566008412,-2.60502053797,160,4
51.4566008412,-2.60502053797,180,0
51.4566008412,-2.60502053797,200,0
51.4566008412,-2.60502053797,220,3
51.4566008412,-2.60502053797,240,0
51.4566008412,-2.60502053797,260,4
51.4566008412,-2.60502053797,280,3
51.4566008412,-2.60502053797,300,4
51.4566008412,-2.60502053797,320,0
51.4566008412,-2.60502053797,340,0
51.4563013436,-2.60502053797,0,2
51.4563013436,-2.60502053797,20,4
51.4563013436,-2.60502053797,40,5
51.4563013436,-2.60502053797,60,0
51.4563013436,-2.60502053797,80,0
51.4563013436,-2.60502053797,100,4
51.4563013436,-2.60502053797,120,1
51.4563013436,-2.60502053797,140,3
51.4563013436,-2.60502053797,160,3
51.4563013436,-2.60502053797,180,1
51.4563013436,-2.60502053797,200,1
51.4563013436,-2.60502053797,220,2
51.4563013436,-2.60502053797,240,2
51.4563013436,-2.60502053797,260,2
51.4563013436,-2.60502053797,280,2
51.4563013436,-2.60502053797,300,4
51.4563013436,-2.60502053797,320,4
51.4563013436,-2.60502053797,340,0
51.4561515948,-2.60502053797,0,4
51.4561515948,-2.60502053797,20,4
51.4561515948,-2.60502053797,40,4
51.4561515948,-2.60502053797,60,0
51.4561515948,-2.60502053797,80,0
51.4561515948,-2.60502053797,100,2
51.4561515948,-2.60502053797,120,0
51.4561515948,-2.60502053797,140,2
51.4561515948,-2.60502053797,160,3
51.4561515948,-2.60502053797,180,1
51.4561515948,-2.60502053797,200,2
51.4561515948,-2.60502053797,220,2
51.4561515948,-2.60502053797,240,2
51.4561515948,-2.60502053797,260,1
51.4561515948,-2.60502053797,280,3
51.4561515948,-2.60502053797,300,0
51.4561515948,-2.60502053797,320,3
51.4561515948,-2.60502053797,340,4
51.4560018459,-2.60502053797,0,0
51.4560018459,-2.60502053797,20,4
51.4560018459,-2.60502053797,40,4
51.4560018459,-2.60502053797,60,0
51.4560018459,-2.60502053797,80,4
51.4560018459,-2.60502053797,100,2
51.4560018459,-2.60502053797,120,2
51.4560018459,-2.60502053797,140,2
51.4560018459,-2.60502053797,160,2
51.4560018459,-2.60502053797,180,4
51.4560018459,-2.60502053797,200,1
51.4560018459,-2.60502053797,220,2
51.4560018459,-2.60502053797,240,2
51.4560018459,-2.60502053797,260,1
51.4560018459,-2.60502053797,280,0
51.4560018459,-2.60502053797,300,4
51.4560018459,-2.60502053797,320,0
51.4560018459,-2.60502053797,340,4
51.4558520971,-2.60502053797,0,7
51.4558520971,-2.60502053797,20,5
51.4558520971,-2.60502053797,40,4
51.4558520971,-2.60502053797,60,0
51.4558520971,-2.60502053797,80,4
51.4558520971,-2.60502053797,100,2
51.4558520971,-2.60502053797,120,2
51.4558520971,-2.60502053797,140,2
51.4558520971,-2.60502053797,160,2
51.4558520971,-2.60502053797,180,4
51.4558520971,-2.60502053797,200,1
51.4558520971,-2.60502053797,220,2
51.4558520971,-2.60502053797,240,4
51.4558520971,-2.60502053797,260,2
51.4558520971,-2.60502053797,280,1
51.4558520971,-2.60502053797,300,4
51.4558520971,-2.60502053797,320,4
51.4558520971,-2.60502053797,340,4
51.4573495854,-2.60534454882,0,0
51.4573495854,-2.60534454882,20,2
51.4573495854,-2.60534454882,40,1
51.4573495854,-2.60534454882,60,5
51.4573495854,-2.60534454882,80,11
51.4573495854,-2.60534454882,100,2
51.4573495854,-2.60534454882,120,1
51.4573495854,-2.60534454882,140,6
51.4573495854,-2.60534454882,160,6
51.4573495854,-2.60534454882,180,4
51.4573495854,-2.60534454882,200,1
51.4573495854,-2.60534454882,220,0
51.4573495854,-2.60534454882,240,0
51.4573495854,-2.60534454882,260,0
51.4573495854,-2.60534454882,280,0
51.4573495854,-2.60534454882,300,0
51.4573495854,-2.60534454882,320,7
51.4573495854,-2.60534454882,340,0
51.4571998366,-2.60534454882,0,0
51.4571998366,-2.60534454882,20,0
51.4571998366,-2.60534454882,40,5
51.4571998366,-2.60534454882,60,5
51.4571998366,-2.60534454882,80,6
51.4571998366,-2.60534454882,100,4
51.4571998366,-2.60534454882,120,0
51.4571998366,-2.60534454882,140,4
51.4571998366,-2.60534454882,160,8
51.4571998366,-2.60534454882,180,5
51.4571998366,-2.60534454882,200,0
51.4571998366,-2.60534454882,220,7
51.4571998366,-2.60534454882,240,0
51.4571998366,-2.60534454882,260,4
51.4571998366,-2.60534454882,280,0
51.4571998366,-2.60534454882,300,0
51.4571998366,-2.60534454882,320,0
51.4571998366,-2.60534454882,340,0
51.4570500877,-2.60534454882,0,4
51.4570500877,-2.60534454882,20,0
51.4570500877,-2.60534454882,40,4
51.4570500877,-2.60534454882,60,6
51.4570500877,-2.60534454882,80,6
51.4570500877,-2.60534454882,100,4
51.4570500877,-2.60534454882,120,4
51.4570500877,-2.60534454882,140,5
51.4570500877,-2.60534454882,160,6
51.4570500877,-2.60534454882,180,0
51.4570500877,-2.60534454882,200,4
51.4570500877,-2.60534454882,220,2
51.4570500877,-2.60534454882,240,0
51.4570500877,-2.60534454882,260,0
51.4570500877,-2.60534454882,280,0
51.4570500877,-2.60534454882,300,0
51.4570500877,-2.60534454882,320,5
51.4570500877,-2.60534454882,340,0
51.4569003389,-2.60534454882,0,6
51.4569003389,-2.60534454882,20,5
51.4569003389,-2.60534454882,40,1
51.4569003389,-2.60534454882,60,4
51.4569003389,-2.60534454882,80,5
51.4569003389,-2.60534454882,100,0
51.4569003389,-2.60534454882,120,4
51.4569003389,-2.60534454882,140,6
51.4569003389,-2.60534454882,160,0
51.4569003389,-2.60534454882,180,4
51.4569003389,-2.60534454882,200,4
51.4569003389,-2.60534454882,220,1
51.4569003389,-2.60534454882,240,3
51.4569003389,-2.60534454882,260,0
51.4569003389,-2.60534454882,280,0
51.4569003389,-2.60534454882,300,0
51.4569003389,-2.60534454882,320,0
51.4569003389,-2.60534454882,340,0
51.4567505901,-2.60534454882,0,0
51.4567505901,-2.60534454882,20,0
51.4567505901,-2.60534454882,40,4
51.4567505901,-2.60534454882,60,5
51.4567505901,-2.60534454882,80,5
51.4567505901,-2.60534454882,100,4
51.4567505901,-2.60534454882,120,4
51.4567505901,-2.60534454882,140,4
51.4567505901,-2.60534454882,160,4
51.4567505901,-2.60534454882,180,0
51.4567505901,-2.60534454882,200,4
51.4567505901,-2.60534454882,220,2
51.4567505901,-2.60534454882,240,4
51.4567505901,-2.60534454882,260,4
51.4567505901,-2.60534454882,280,3
51.4567505901,-2.60534454882,300,4
51.4567505901,-2.60534454882,320,0
51.4567505901,-2.60534454882,340,0
51.4566008412,-2.60534454882,0,0
51.4566008412,-2.60534454882,20,0
51.4566008412,-2.60534454882,40,4
51.4566008412,-2.60534454882,60,0
51.4566008412,-2.60534454882,80,4
51.4566008412,-2.60534454882,100,4
51.4566008412,-2.60534454882,120,4
51.4566008412,-2.60534454882,140,4
51.4566008412,-2.60534454882,160,5
51.4566008412,-2.60534454882,180,4
51.4566008412,-2.60534454882,200,4
51.4566008412,-2.60534454882,220,2
51.4566008412,-2.60534454882,240,0
51.4566008412,-2.60534454882,260,0
51.4566008412,-2.60534454882,280,0
51.4566008412,-2.60534454882,300,0
51.4566008412,-2.60534454882,320,0
51.4566008412,-2.60534454882,340,0
51.4564510924,-2.60534454882,0,5
51.4564510924,-2.60534454882,20,4
51.4564510924,-2.60534454882,40,3
51.4564510924,-2.60534454882,60,4
51.4564510924,-2.60534454882,80,4
51.4564510924,-2.60534454882,100,4
51.4564510924,-2.60534454882,120,0
51.4564510924,-2.60534454882,140,4
51.4564510924,-2.60534454882,160,0
51.4564510924,-2.60534454882,180,0
51.4564510924,-2.60534454882,200,0
51.4564510924,-2.60534454882,220,2
51.4564510924,-2.60534454882,240,5
51.4564510924,-2.60534454882,260,0
51.4564510924,-2.60534454882,280,5
51.4564510924,-2.60534454882,300,0
51.4564510924,-2.60534454882,320,4
51.4564510924,-2.60534454882,340,0
51.4563013436,-2.60534454882,0,0
51.4563013436,-2.60534454882,20,2
51.4563013436,-2.60534454882,40,4
51.4563013436,-2.60534454882,60,2
51.4563013436,-2.60534454882,80,4
51.4563013436,-2.60534454882,100,0
51.4563013436,-2.60534454882,120,0
51.4563013436,-2.60534454882,140,2
51.4563013436,-2.60534454882,160,2
51.4563013436,-2.60534454882,180,4
51.4563013436,-2.60534454882,200,1
51.4563013436,-2.60534454882,220,2
51.4563013436,-2.60534454882,240,1
51.4563013436,-2.60534454882,260,2
51.4563013436,-2.60534454882,280,0
51.4563013436,-2.60534454882,300,5
51.4563013436,-2.60534454882,320,0
51.4563013436,-2.60534454882,340,0
51.4561515948,-2.60534454882,0,0
51.4561515948,-2.60534454882,20,0
51.4561515948,-2.60534454882,40,5
51.4561515948,-2.60534454882,60,1
51.4561515948,-2.60534454882,80,0
51.4561515948,-2.60534454882,100,0
51.4561515948,-2.60534454882,120,3
51.4561515948,-2.60534454882,140,3
51.4561515948,-2.60534454882,160,1
51.4561515948,-2.60534454882,180,0
51.4561515948,-2.60534454882,200,1
51.4561515948,-2.60534454882,220,3
51.4561515948,-2.60534454882,240,1
51.4561515948,-2.60534454882,260,1
51.4561515948,-2.60534454882,280,2
51.4561515948,-2.60534454882,300,4
51.4561515948,-2.60534454882,320,5
51.4561515948,-2.60534454882,340,0
51.4560018459,-2.60534454882,0,4
51.4560018459,-2.60534454882,20,4
51.4560018459,-2.60534454882,40,4
51.4560018459,-2.60534454882,60,5
51.4560018459,-2.60534454882,80,0
51.4560018459,-2.60534454882,100,0
51.4560018459,-2.60534454882,120,0
51.4560018459,-2.60534454882,140,1
51.4560018459,-2.60534454882,160,2
51.4560018459,-2.60534454882,180,1
51.4560018459,-2.60534454882,200,2
51.4560018459,-2.60534454882,220,3
51.4560018459,-2.60534454882,240,1
51.4560018459,-2.60534454882,260,1
51.4560018459,-2.60534454882,280,1
51.4560018459,-2.60534454882,300,1
51.4560018459,-2.60534454882,320,0
51.4560018459,-2.60534454882,340,0
51.4558520971,-2.60534454882,0,4
51.4558520971,-2.60534454882,20,4
51.4558520971,-2.60534454882,40,4
51.4558520971,-2.60534454882,60,0
51.4558520971,-2.60534454882,80,5
51.4558520971,-2.60534454882,100,4
51.4558520971,-2.60534454882,120,1
51.4558520971,-2.60534454882,140,3
51.4558520971,-2.60534454882,160,1
51.4558520971,-2.60534454882,180,0
51.4558520971,-2.60534454882,200,2
51.4558520971,-2.60534454882,220,2
51.4558520971,-2.60534454882,240,1
51.4558520971,-2.60534454882,260,1
51.4558520971,-2.60534454882,280,3
51.4558520971,-2.60534454882,300,0
51.4558520971,-2.60534454882,320,4
51.4558520971,-2.60534454882,340,4
51.4573495854,-2.60566855967,0,0
51.4573495854,-2.60566855967,20,0
51.4573495854,-2.60566855967,40,0
51.4573495854,-2.60566855967,60,0
51.4573495854,-2.60566855967,80,6
51.4573495854,-2.60566855967,100,6
51.4573495854,-2.60566855967,120,4
51.4573495854,-2.60566855967,140,0
51.4573495854,-2.60566855967,160,0
51.4573495854,-2.60566855967,180,4
51.4573495854,-2.60566855967,200,4
51.4573495854,-2.60566855967,220,0
51.4573495854,-2.60566855967,240,0
51.4573495854,-2.60566855967,260,0
51.4573495854,-2.60566855967,280,0
51.4573495854,-2.60566855967,300,0
51.4573495854,-2.60566855967,320,0
51.4573495854,-2.60566855967,340,0
51.4571998366,-2.60566855967,0,0
51.4571998366,-2.60566855967,20,6
51.4571998366,-2.60566855967,40,6
51.4571998366,-2.60566855967,60,6
51.4571998366,-2.60566855967,80,0
51.4571998366,-2.60566855967,100,0
51.4571998366,-2.60566855967,120,0
51.4571998366,-2.60566855967,140,1
51.4571998366,-2.60566855967,160,2
51.4571998366,-2.60566855967,180,2
51.4571998366,-2.60566855967,200,2
51.4571998366,-2.60566855967,220,0
51.4571998366,-2.60566855967,240,0
51.4571998366,-2.60566855967,260,6
51.4571998366,-2.60566855967,280,2
51.4571998366,-2.60566855967,300,3
51.4571998366,-2.60566855967,320,5
51.4571998366,-2.60566855967,340,6
51.4570500877,-2.60566855967,0,6
51.4570500877,-2.60566855967,20,7
51.4570500877,-2.60566855967,40,0
51.4570500877,-2.60566855967,60,0
51.4570500877,-2.60566855967,80,0
51.4570500877,-2.60566855967,100,0
51.4570500877,-2.60566855967,120,6
51.4570500877,-2.60566855967,140,4
51.4570500877,-2.60566855967,160,5
51.4570500877,-2.60566855967,180,0
51.4570500877,-2.60566855967,200,6
51.4570500877,-2.60566855967,220,3
51.4570500877,-2.60566855967,240,5
51.4570500877,-2.60566855967,260,0
51.4570500877,-2.60566855967,280,4
51.4570500877,-2.60566855967,300,1
51.4570500877,-2.60566855967,320,5
51.4570500877,-2.60566855967,340,0
51.4569003389,-2.60566855967,0,0
51.4569003389,-2.60566855967,20,7
51.4569003389,-2.60566855967,40,6
51.4569003389,-2.60566855967,60,0
51.4569003389,-2.60566855967,80,5
51.4569003389,-2.60566855967,100,6
51.4569003389,-2.60566855967,120,4
51.4569003389,-2.60566855967,140,0
51.4569003389,-2.60566855967,160,0
51.4569003389,-2.60566855967,180,4
51.4569003389,-2.60566855967,200,4
51.4569003389,-2.60566855967,220,0
51.4569003389,-2.60566855967,240,5
51.4569003389,-2.60566855967,260,4
51.4569003389,-2.60566855967,280,2
51.4569003389,-2.60566855967,300,4
51.4569003389,-2.60566855967,320,0
51.4569003389,-2.60566855967,340,6
51.4567505901,-2.60566855967,0,0
51.4567505901,-2.60566855967,20,6
51.4567505901,-2.60566855967,40,4
51.4567505901,-2.60566855967,60,0
51.4567505901,-2.60566855967,80,3
51.4567505901,-2.60566855967,100,4
51.4567505901,-2.60566855967,120,0
51.4567505901,-2.60566855967,140,4
51.4567505901,-2.60566855967,160,5
51.4567505901,-2.60566855967,180,0
51.4567505901,-2.60566855967,200,4
51.4567505901,-2.60566855967,220,2
51.4567505901,-2.60566855967,240,0
51.4567505901,-2.60566855967,260,0
51.4567505901,-2.60566855967,280,4
51.4567505901,-2.60566855967,300,0
51.4567505901,-2.60566855967,320,0
51.4567505901,-2.60566855967,340,5
51.4566008412,-2.60566855967,0,5
51.4566008412,-2.60566855967,20,4
51.4566008412,-2.60566855967,40,4
51.4566008412,-2.60566855967,60,4
51.4566008412,-2.60566855967,80,5
51.4566008412,-2.60566855967,100,4
51.4566008412,-2.60566855967,120,0
51.4566008412,-2.60566855967,140,5
51.4566008412,-2.60566855967,160,0
51.4566008412,-2.60566855967,180,6
51.4566008412,-2.60566855967,200,5
51.4566008412,-2.60566855967,220,2
51.4566008412,-2.60566855967,240,0
51.4566008412,-2.60566855967,260,0
51.4566008412,-2.60566855967,280,0
51.4566008412,-2.60566855967,300,5
51.4566008412,-2.60566855967,320,4
51.4566008412,-2.60566855967,340,0
51.4564510924,-2.60566855967,0,5
51.4564510924,-2.60566855967,20,1
51.4564510924,-2.60566855967,40,2
51.4564510924,-2.60566855967,60,4
51.4564510924,-2.60566855967,80,2
51.4564510924,-2.60566855967,100,0
51.4564510924,-2.60566855967,120,4
51.4564510924,-2.60566855967,140,4
51.4564510924,-2.60566855967,160,0
51.4564510924,-2.60566855967,180,11
51.4564510924,-2.60566855967,200,0
51.4564510924,-2.60566855967,220,2
51.4564510924,-2.60566855967,240,4
51.4564510924,-2.60566855967,260,2
51.4564510924,-2.60566855967,280,4
51.4564510924,-2.60566855967,300,6
51.4564510924,-2.60566855967,320,0
51.4564510924,-2.60566855967,340,0
51.4563013436,-2.60566855967,0,4
51.4563013436,-2.60566855967,20,6
51.4563013436,-2.60566855967,40,5
51.4563013436,-2.60566855967,60,0
51.4563013436,-2.60566855967,80,5
51.4563013436,-2.60566855967,100,6
51.4563013436,-2.60566855967,120,2
51.4563013436,-2.60566855967,140,2
51.4563013436,-2.60566855967,160,1
51.4563013436,-2.60566855967,180,2
51.4563013436,-2.60566855967,200,1
51.4563013436,-2.60566855967,220,5
51.4563013436,-2.60566855967,240,4
51.4563013436,-2.60566855967,260,4
51.4563013436,-2.60566855967,280,3
51.4563013436,-2.60566855967,300,1
51.4563013436,-2.60566855967,320,1
51.4563013436,-2.60566855967,340,3
51.4561515948,-2.60566855967,0,3
51.4561515948,-2.60566855967,20,0
51.4561515948,-2.60566855967,40,4
51.4561515948,-2.60566855967,60,4
51.4561515948,-2.60566855967,80,0
51.4561515948,-2.60566855967,100,6
51.4561515948,-2.60566855967,120,3
51.4561515948,-2.60566855967,140,3
51.4561515948,-2.60566855967,160,2
51.4561515948,-2.60566855967,180,0
51.4561515948,-2.60566855967,200,1
51.4561515948,-2.60566855967,220,1
51.4561515948,-2.60566855967,240,2
51.4561515948,-2.60566855967,260,2
51.4561515948,-2.60566855967,280,2
51.4561515948,-2.60566855967,300,1
51.4561515948,-2.60566855967,320,4
51.4561515948,-2.60566855967,340,4
51.4560018459,-2.60566855967,0,2
51.4560018459,-2.60566855967,20,4
51.4560018459,-2.60566855967,40,0
51.4560018459,-2.60566855967,60,6
51.4560018459,-2.60566855967,80,9
51.4560018459,-2.60566855967,100,4
51.4560018459,-2.60566855967,120,0
51.4560018459,-2.60566855967,140,4
51.4560018459,-2.60566855967,160,0
51.4560018459,-2.60566855967,180,2
51.4560018459,-2.60566855967,200,2
51.4560018459,-2.60566855967,220,2
51.4560018459,-2.60566855967,240,4
51.4560018459,-2.60566855967,260,2
51.4560018459,-2.60566855967,280,2
51.4560018459,-2.60566855967,300,2
51.4560018459,-2.60566855967,320,2
51.4560018459,-2.60566855967,340,4
51.4558520971,-2.60566855967,0,0
51.4558520971,-2.60566855967,20,4
51.4558520971,-2.60566855967,40,0
51.4558520971,-2.60566855967,60,0
51.4558520971,-2.60566855967,80,8
51.4558520971,-2.60566855967,100,4
51.4558520971,-2.60566855967,120,0
51.4558520971,-2.60566855967,140,4
51.4558520971,-2.60566855967,160,4
51.4558520971,-2.60566855967,180,1
51.4558520971,-2.60566855967,200,2
51.4558520971,-2.60566855967,220,4
51.4558520971,-2.60566855967,240,2
51.4558520971,-2.60566855967,260,2
51.4558520971,-2.60566855967,280,1
51.4558520971,-2.60566855967,300,1
51.4558520971,-2.60566855967,320,4
51.4558520971,-2.60566855967,340,4
51.4573495854,-2.60599257052,0,0
51.4573495854,-2.60599257052,20,0
51.4573495854,-2.60599257052,40,0
51.4573495854,-2.60599257052,60,0
51.4573495854,-2.60599257052,80,5
51.4573495854,-2.60599257052,100,0
51.4573495854,-2.60599257052,120,0
51.4573495854,-2.60599257052,140,1
51.4573495854,-2.60599257052,160,1
51.4573495854,-2.60599257052,180,7
51.4573495854,-2.60599257052,200,5
51.4573495854,-2.60599257052,220,0
51.4573495854,-2.60599257052,240,0
51.4573495854,-2.60599257052,260,4
51.4573495854,-2.60599257052,280,0
51.4573495854,-2.60599257052,300,4
51.4573495854,-2.60599257052,320,6
51.4573495854,-2.60599257052,340,7
51.4571998366,-2.60599257052,0,0
51.4571998366,-2.60599257052,20,0
51.4571998366,-2.60599257052,40,0
51.4571998366,-2.60599257052,60,0
51.4571998366,-2.60599257052,80,0
51.4571998366,-2.60599257052,100,0
51.4571998366,-2.60599257052,120,0
51.4571998366,-2.60599257052,140,0
51.4571998366,-2.60599257052,160,2
51.4571998366,-2.60599257052,180,0
51.4571998366,-2.60599257052,200,0
51.4571998366,-2.60599257052,220,6
51.4571998366,-2.60599257052,240,0
51.4571998366,-2.60599257052,260,6
51.4571998366,-2.60599257052,280,1
51.4571998366,-2.60599257052,300,3
51.4571998366,-2.60599257052,320,7
51.4571998366,-2.60599257052,340,0
51.4570500877,-2.60599257052,0,0
51.4570500877,-2.60599257052,20,0
51.4570500877,-2.60599257052,40,0
51.4570500877,-2.60599257052,60,6
51.4570500877,-2.60599257052,80,0
51.4570500877,-2.60599257052,100,0
51.4570500877,-2.60599257052,120,0
51.4570500877,-2.60599257052,140,4
51.4570500877,-2.60599257052,160,1
51.4570500877,-2.60599257052,180,3
51.4570500877,-2.60599257052,200,3
51.4570500877,-2.60599257052,220,0
51.4570500877,-2.60599257052,240,0
51.4570500877,-2.60599257052,260,6
51.4570500877,-2.60599257052,280,2
51.4570500877,-2.60599257052,300,1
51.4570500877,-2.60599257052,320,6
51.4570500877,-2.60599257052,340,6
51.4569003389,-2.60599257052,0,0
51.4569003389,-2.60599257052,20,0
51.4569003389,-2.60599257052,40,0
51.4569003389,-2.60599257052,60,6
51.4569003389,-2.60599257052,80,5
51.4569003389,-2.60599257052,100,6
51.4569003389,-2.60599257052,120,7
51.4569003389,-2.60599257052,140,4
51.4569003389,-2.60599257052,160,4
51.4569003389,-2.60599257052,180,5
51.4569003389,-2.60599257052,200,0
51.4569003389,-2.60599257052,220,3
51.4569003389,-2.60599257052,240,0
51.4569003389,-2.60599257052,260,0
51.4569003389,-2.60599257052,280,4
51.4569003389,-2.60599257052,300,1
51.4569003389,-2.60599257052,320,0
51.4569003389,-2.60599257052,340,0
51.4567505901,-2.60599257052,0,5
51.4567505901,-2.60599257052,20,4
51.4567505901,-2.60599257052,40,4
51.4567505901,-2.60599257052,60,4
51.4567505901,-2.60599257052,80,5
51.4567505901,-2.60599257052,100,0
51.4567505901,-2.60599257052,120,4
51.4567505901,-2.60599257052,140,4
51.4567505901,-2.60599257052,160,0
51.4567505901,-2.60599257052,180,4
51.4567505901,-2.60599257052,200,0
51.4567505901,-2.60599257052,220,3
51.4567505901,-2.60599257052,240,4
51.4567505901,-2.60599257052,260,0
51.4567505901,-2.60599257052,280,5
51.4567505901,-2.60599257052,300,6
51.4567505901,-2.60599257052,320,4
51.4567505901,-2.60599257052,340,0
51.4566008412,-2.60599257052,0,0
51.4566008412,-2.60599257052,20,2
51.4566008412,-2.60599257052,40,1
51.4566008412,-2.60599257052,60,4
51.4566008412,-2.60599257052,80,0
51.4566008412,-2.60599257052,100,0
51.4566008412,-2.60599257052,120,0
51.4566008412,-2.60599257052,140,4
51.4566008412,-2.60599257052,160,4
51.4566008412,-2.60599257052,180,9
51.4566008412,-2.60599257052,200,0
51.4566008412,-2.60599257052,220,2
51.4566008412,-2.60599257052,240,3
51.4566008412,-2.60599257052,260,1
51.4566008412,-2.60599257052,280,4
51.4566008412,-2.60599257052,300,6
51.4566008412,-2.60599257052,320,7
51.4566008412,-2.60599257052,340,0
51.4564510924,-2.60599257052,0,0
51.4564510924,-2.60599257052,20,4
51.4564510924,-2.60599257052,40,1
51.4564510924,-2.60599257052,60,4
51.4564510924,-2.60599257052,80,8
51.4564510924,-2.60599257052,100,4
51.4564510924,-2.60599257052,120,4
51.4564510924,-2.60599257052,140,4
51.4564510924,-2.60599257052,160,0
51.4564510924,-2.60599257052,180,5
51.4564510924,-2.60599257052,200,0
51.4564510924,-2.60599257052,220,2
51.4564510924,-2.60599257052,240,4
51.4564510924,-2.60599257052,260,6
51.4564510924,-2.60599257052,280,0
51.4564510924,-2.60599257052,300,3
51.4564510924,-2.60599257052,320,2
51.4564510924,-2.60599257052,340,0
51.4563013436,-2.60599257052,0,4
51.4563013436,-2.60599257052,20,2
51.4563013436,-2.60599257052,40,4
51.4563013436,-2.60599257052,60,5
51.4563013436,-2.60599257052,80,5
51.4563013436,-2.60599257052,100,0
51.4563013436,-2.60599257052,120,3
51.4563013436,-2.60599257052,140,3
51.4563013436,-2.60599257052,160,1
51.4563013436,-2.60599257052,180,3
51.4563013436,-2.60599257052,200,6
51.4563013436,-2.60599257052,220,5
51.4563013436,-2.60599257052,240,4
51.4563013436,-2.60599257052,260,0
51.4563013436,-2.60599257052,280,1
51.4563013436,-2.60599257052,300,2
51.4563013436,-2.60599257052,320,0
51.4563013436,-2.60599257052,340,5
51.4561515948,-2.60599257052,0,3
51.4561515948,-2.60599257052,20,5
51.4561515948,-2.60599257052,40,0
51.4561515948,-2.60599257052,60,0
51.4561515948,-2.60599257052,80,4
51.4561515948,-2.60599257052,100,0
51.4561515948,-2.60599257052,120,2
51.4561515948,-2.60599257052,140,1
51.4561515948,-2.60599257052,160,4
51.4561515948,-2.60599257052,180,4
51.4561515948,-2.60599257052,200,1
51.4561515948,-2.60599257052,220,0
51.4561515948,-2.60599257052,240,2
51.4561515948,-2.60599257052,260,0
51.4561515948,-2.60599257052,280,4
51.4561515948,-2.60599257052,300,1
51.4561515948,-2.60599257052,320,4
51.4561515948,-2.60599257052,340,1
51.4560018459,-2.60599257052,0,3
51.4560018459,-2.60599257052,20,0
51.4560018459,-2.60599257052,40,0
51.4560018459,-2.60599257052,60,4
51.4560018459,-2.60599257052,80,0
51.4560018459,-2.60599257052,100,5
51.4560018459,-2.60599257052,120,2
51.4560018459,-2.60599257052,140,0
51.4560018459,-2.60599257052,160,2
51.4560018459,-2.60599257052,180,1
51.4560018459,-2.60599257052,200,1
51.4560018459,-2.60599257052,220,1
51.4560018459,-2.60599257052,240,2
51.4560018459,-2.60599257052,260,1
51.4560018459,-2.60599257052,280,2
51.4560018459,-2.60599257052,300,0
51.4560018459,-2.60599257052,320,4
51.4560018459,-2.60599257052,340,3
51.4558520971,-2.60599257052,0,4
51.4558520971,-2.60599257052,20,3
51.4558520971,-2.60599257052,40,2
51.4558520971,-2.60599257052,60,2
51.4558520971,-2.60599257052,80,5
51.4558520971,-2.60599257052,100,2
51.4558520971,-2.60599257052,120,1
51.4558520971,-2.60599257052,140,0
51.4558520971,-2.60599257052,160,8
51.4558520971,-2.60599257052,180,0
51.4558520971,-2.60599257052,200,1
51.4558520971,-2.60599257052,220,1
51.4558520971,-2.60599257052,240,4
51.4558520971,-2.60599257052,260,4
51.4558520971,-2.60599257052,280,4
51.4558520971,-2.60599257052,300,3
51.4558520971,-2.60599257052,320,2
51.4558520971,-2.60599257052,340,4
51.4573495854,-2.60631658137,0,0
51.4573495854,-2.60631658137,20,5
51.4573495854,-2.60631658137,40,6
51.4573495854,-2.60631658137,60,5
51.4573495854,-2.60631658137,80,5
51.4573495854,-2.60631658137,100,0
51.4573495854,-2.60631658137,120,5
51.4573495854,-2.60631658137,140,4
51.4573495854,-2.60631658137,160,2
51.4573495854,-2.60631658137,180,5
51.4573495854,-2.60631658137,200,0
51.4573495854,-2.60631658137,220,6
51.4573495854,-2.60631658137,240,7
51.4573495854,-2.60631658137,260,6
51.4573495854,-2.60631658137,280,2
51.4573495854,-2.60631658137,300,0
51.4573495854,-2.60631658137,320,0
51.4573495854,-2.60631658137,340,0
51.4571998366,-2.60631658137,0,0
51.4571998366,-2.60631658137,20,0
51.4571998366,-2.60631658137,40,6
51.4571998366,-2.60631658137,60,0
51.4571998366,-2.60631658137,80,0
51.4571998366,-2.60631658137,100,0
51.4571998366,-2.60631658137,120,0
51.4571998366,-2.60631658137,140,2
51.4571998366,-2.60631658137,160,5
51.4571998366,-2.60631658137,180,5
51.4571998366,-2.60631658137,200,7
51.4571998366,-2.60631658137,220,0
51.4571998366,-2.60631658137,240,8
51.4571998366,-2.60631658137,260,0
51.4571998366,-2.60631658137,280,2
51.4571998366,-2.60631658137,300,0
51.4571998366,-2.60631658137,320,6
51.4571998366,-2.60631658137,340,0
51.4570500877,-2.60631658137,0,0
51.4570500877,-2.60631658137,20,0
51.4570500877,-2.60631658137,40,0
51.4570500877,-2.60631658137,60,5
51.4570500877,-2.60631658137,80,0
51.4570500877,-2.60631658137,100,5
51.4570500877,-2.60631658137,120,0
51.4570500877,-2.60631658137,140,2
51.4570500877,-2.60631658137,160,2
51.4570500877,-2.60631658137,180,0
51.4570500877,-2.60631658137,200,6
51.4570500877,-2.60631658137,220,5
51.4570500877,-2.60631658137,240,0
51.4570500877,-2.60631658137,260,7
51.4570500877,-2.60631658137,280,0
51.4570500877,-2.60631658137,300,4
51.4570500877,-2.60631658137,320,5
51.4570500877,-2.60631658137,340,0
51.4569003389,-2.60631658137,0,9
51.4569003389,-2.60631658137,20,0
51.4569003389,-2.60631658137,40,0
51.4569003389,-2.60631658137,60,7
51.4569003389,-2.60631658137,80,0
51.4569003389,-2.60631658137,100,0
51.4569003389,-2.60631658137,120,6
51.4569003389,-2.60631658137,140,2
51.4569003389,-2.60631658137,160,4
51.4569003389,-2.60631658137,180,0
51.4569003389,-2.60631658137,200,0
51.4569003389,-2.60631658137,220,0
51.4569003389,-2.60631658137,240,4
51.4569003389,-2.60631658137,260,0
51.4569003389,-2.60631658137,280,1
51.4569003389,-2.60631658137,300,1
51.4569003389,-2.60631658137,320,6
51.4569003389,-2.60631658137,340,0
51.4567505901,-2.60631658137,0,0
51.4567505901,-2.60631658137,20,0
51.4567505901,-2.60631658137,40,0
51.4567505901,-2.60631658137,60,0
51.4567505901,-2.60631658137,80,6
51.4567505901,-2.60631658137,100,2
51.4567505901,-2.60631658137,120,2
51.4567505901,-2.60631658137,140,2
51.4567505901,-2.60631658137,160,3
51.4567505901,-2.60631658137,180,0
51.4567505901,-2.60631658137,200,5
51.4567505901,-2.60631658137,220,0
51.4567505901,-2.60631658137,240,0
51.4567505901,-2.60631658137,260,5
51.4567505901,-2.60631658137,280,6
51.4567505901,-2.60631658137,300,3
51.4567505901,-2.60631658137,320,2
51.4567505901,-2.60631658137,340,0
51.4566008412,-2.60631658137,0,0
51.4566008412,-2.60631658137,20,0
51.4566008412,-2.60631658137,40,0
51.4566008412,-2.60631658137,60,0
51.4566008412,-2.60631658137,80,6
51.4566008412,-2.60631658137,100,4
51.4566008412,-2.60631658137,120,2
51.4566008412,-2.60631658137,140,3
51.4566008412,-2.60631658137,160,6
51.4566008412,-2.60631658137,180,1
51.4566008412,-2.60631658137,200,4
51.4566008412,-2.60631658137,220,5
51.4566008412,-2.60631658137,240,3
51.4566008412,-2.60631658137,260,0
51.4566008412,-2.60631658137,280,5
51.4566008412,-2.60631658137,300,4
51.4566008412,-2.60631658137,320,0
51.4566008412,-2.60631658137,340,0
51.4564510924,-2.60631658137,0,0
51.4564510924,-2.60631658137,20,9
51.4564510924,-2.60631658137,40,0
51.4564510924,-2.60631658137,60,0
51.4564510924,-2.60631658137,80,0
51.4564510924,-2.60631658137,100,1
51.4564510924,-2.60631658137,120,2
51.4564510924,-2.60631658137,140,3
51.4564510924,-2.60631658137,160,0
51.4564510924,-2.60631658137,180,4
51.4564510924,-2.60631658137,200,0
51.4564510924,-2.60631658137,220,4
51.4564510924,-2.60631658137,240,5
51.4564510924,-2.60631658137,260,4
51.4564510924,-2.60631658137,280,0
51.4564510924,-2.60631658137,300,4
51.4564510924,-2.60631658137,320,0
51.4564510924,-2.60631658137,340,4
51.4563013436,-2.60631658137,0,0
51.4563013436,-2.60631658137,20,0
51.4563013436,-2.60631658137,40,5
51.4563013436,-2.60631658137,60,0
51.4563013436,-2.60631658137,80,1
51.4563013436,-2.60631658137,100,3
51.4563013436,-2.60631658137,120,4
51.4563013436,-2.60631658137,140,2
51.4563013436,-2.60631658137,160,2
51.4563013436,-2.60631658137,180,0
51.4563013436,-2.60631658137,200,1
51.4563013436,-2.60631658137,220,4
51.4563013436,-2.60631658137,240,4
51.4563013436,-2.60631658137,260,0
51.4563013436,-2.60631658137,280,5
51.4563013436,-2.60631658137,300,4
51.4563013436,-2.60631658137,320,2
51.4563013436,-2.60631658137,340,4
51.4561515948,-2.60631658137,0,2
51.4561515948,-2.60631658137,20,1
51.4561515948,-2.60631658137,40,0
51.4561515948,-2.60631658137,60,4
51.4561515948,-2.60631658137,80,4
51.4561515948,-2.60631658137,100,0
51.4561515948,-2.60631658137,120,2
51.4561515948,-2.60631658137,140,1
51.4561515948,-2.60631658137,160,2
51.4561515948,-2.60631658137,180,2
51.4561515948,-2.60631658137,200,3
51.4561515948,-2.60631658137,220,1
51.4561515948,-2.60631658137,240,1
51.4561515948,-2.60631658137,260,3
51.4561515948,-2.60631658137,280,4
51.4561515948,-2.60631658137,300,0
51.4561515948,-2.60631658137,320,0
51.4561515948,-2.60631658137,340,5
51.4560018459,-2.60631658137,0,0
51.4560018459,-2.60631658137,20,4
51.4560018459,-2.60631658137,40,5
51.4560018459,-2.60631658137,60,4
51.4560018459,-2.60631658137,80,4
51.4560018459,-2.60631658137,100,1
51.4560018459,-2.60631658137,120,3
51.4560018459,-2.60631658137,140,3
51.4560018459,-2.60631658137,160,2
51.4560018459,-2.60631658137,180,2
51.4560018459,-2.60631658137,200,0
51.4560018459,-2.60631658137,220,0
51.4560018459,-2.60631658137,240,0
51.4560018459,-2.60631658137,260,0
51.4560018459,-2.60631658137,280,1
51.4560018459,-2.60631658137,300,0
51.4560018459,-2.60631658137,320,2
51.4560018459,-2.60631658137,340,0
51.4558520971,-2.60631658137,0,1
51.4558520971,-2.60631658137,20,1
51.4558520971,-2.60631658137,40,1
51.4558520971,-2.60631658137,60,2
51.4558520971,-2.60631658137,80,4
51.4558520971,-2.60631658137,100,3
51.4558520971,-2.60631658137,120,4
51.4558520971,-2.60631658137,140,0
51.4558520971,-2.60631658137,160,0
51.4558520971,-2.60631658137,180,12
51.4558520971,-2.60631658137,200,2
51.4558520971,-2.60631658137,220,0
51.4558520971,-2.60631658137,240,0
51.4558520971,-2.60631658137,260,5
51.4558520971,-2.60631658137,280,5
51.4558520971,-2.60631658137,300,1
51.4558520971,-2.60631658137,320,3
51.4558520971,-2.60631658137,340,1
